{
  "baseline_comparison": {
    "xgb": {
      "Accuracy": 0.9986333703586163,
      "Precision": 0.9929239499772305,
      "Recall": 0.9990248831034564,
      "F1-Score": 0.9959650735832372,
      "FPR": 0.0014461557552703547,
      "TP": 85035,
      "FP": 606,
      "TN": 418436,
      "FN": 83,
      "AUC-ROC": 0.9999268612268739,
      "AUC-PR": 0.9995833890414956,
      "Train Time (s)": 24.28
    },
    "lgbm": {
      "Accuracy": 0.9986750238019676,
      "Precision": 0.9931790044149594,
      "Recall": 0.9990131347071125,
      "F1-Score": 0.9960875269421797,
      "FPR": 0.0013936550512836422,
      "TP": 85034,
      "FP": 584,
      "TN": 418458,
      "FN": 84,
      "AUC-ROC": 0.9999317420701297,
      "AUC-PR": 0.999624172870495,
      "Train Time (s)": 21.55
    },
    "rf": {
      "Accuracy": 0.9985480799746113,
      "Precision": 0.995176509247958,
      "Recall": 0.9962287647736084,
      "F1-Score": 0.9957023590056715,
      "FPR": 0.0009808086062972209,
      "TP": 84797,
      "FP": 411,
      "TN": 418631,
      "FN": 321,
      "AUC-ROC": 0.9999327672042168,
      "AUC-PR": 0.9996968382263091,
      "Train Time (s)": 495.91
    }
  },
  "ensemble": {
    "Accuracy": 0.9987444462075532,
    "Precision": 0.9949616263401488,
    "Recall": 0.9976150755421885,
    "F1-Score": 0.9962865841854244,
    "FPR": 0.0010261501233766544,
    "TP": 84915,
    "FP": 430,
    "TN": 418612,
    "FN": 203,
    "AUC-ROC": 0.999939767817688,
    "AUC-PR": 0.9997237721037614,
    "Train Time (s)": 4933.37
  },
  "ablation_study": {
    "Proposed (Stacking + SMOTEENN)": {
      "Accuracy": 0.9987444462075532,
      "Precision": 0.9949616263401488,
      "Recall": 0.9976150755421885,
      "F1-Score": 0.9962865841854244,
      "FPR": 0.0010261501233766544,
      "TP": 84915,
      "FP": 430,
      "TN": 418612,
      "FN": 203,
      "AUC-ROC": 0.999939767817688,
      "AUC-PR": 0.9997237721037614,
      "Train Time (s)": 4933.37
    }
  },
  "cross_validation": {
    "Accuracy": {
      "mean": 0.9985951866548609,
      "std": 0.00010404603559584585
    },
    "Precision": {
      "mean": 0.9926955537317206,
      "std": 0.00046122983909679634
    },
    "Recall": {
      "mean": 0.9990341231397253,
      "std": 0.00016090446388877138
    },
    "F1-Score": {
      "mean": 0.9958547259011589,
      "std": 0.00030636181692253304
    },
    "FPR": {
      "mean": 0.0014940200415867401,
      "std": 9.481721324557854e-05
    },
    "AUC-ROC": {
      "mean": 0.9999453976066512,
      "std": 5.574243487877456e-06
    },
    "AUC-PR": {
      "mean": 0.9997402435552123,
      "std": 1.1620474072896584e-05
    }
  }
}