{
    "teacher": {
        "Accuracy": 0.9987444462075532,
        "F1-Score": 0.9962865841854244,
        "Inference_ms_per_1k": 60189.93812500048,
        "Size_MB": 22.500593185424805
    },
    "student": {
        "Accuracy": 0.9948012535702951,
        "F1-Score": 0.9844665833002436,
        "Inference_ms_per_1k": 163.61913900072977,
        "Size_MB": 0.012795448303222656
    },
    "speedup_factor": 367.8661218522365,
    "compression_factor": 1758.4841618841767
}