{
  "baseline_comparison": {
    "xgb": {
      "Accuracy": 0.9984034192611103,
      "Precision": 0.9932883555887572,
      "Recall": 0.9991898175328182,
      "F1-Score": 0.9962303468783292,
      "FPR": 0.0018070623137940137,
      "TP": 85097,
      "FP": 575,
      "TN": 317621,
      "FN": 69,
      "AUC-ROC": 0.9999356164411461,
      "AUC-PR": 0.9997373588177414,
      "Train Time (s)": 9.07
    },
    "lgbm": {
      "Accuracy": 0.9984406067006808,
      "Precision": 0.9933931760613525,
      "Recall": 0.9992602681821384,
      "F1-Score": 0.9963180847016126,
      "FPR": 0.0017787778601868031,
      "TP": 85103,
      "FP": 566,
      "TN": 317630,
      "FN": 63,
      "AUC-ROC": 0.999945011215325,
      "AUC-PR": 0.9997927793474662,
      "Train Time (s)": 7.42
    },
    "rf": {
      "Accuracy": 0.9985819189710483,
      "Precision": 0.9961524926686217,
      "Recall": 0.9971350069276472,
      "F1-Score": 0.9966435076518637,
      "FPR": 0.0010308111981294549,
      "TP": 84922,
      "FP": 328,
      "TN": 317868,
      "FN": 244,
      "AUC-ROC": 0.9999489263641729,
      "AUC-PR": 0.999830171142525,
      "Train Time (s)": 676.79
    }
  },
  "ensemble": {
    "Accuracy": 0.9987207520787779,
    "Precision": 0.9955624765829899,
    "Recall": 0.9983913768405233,
    "F1-Score": 0.9969749199760808,
    "FPR": 0.0011910897685703152,
    "TP": 85029,
    "FP": 379,
    "TN": 317817,
    "FN": 137,
    "AUC-ROC": 0.9999528086157112,
    "AUC-PR": 0.9998331077061553,
    "Train Time (s)": 2817.01
  },
  "ablation_study": {
    "Stacking (No SMOTEENN)": {
      "Accuracy": 0.9989686683425806,
      "Precision": 0.9967877324204554,
      "Recall": 0.9983326679660898,
      "F1-Score": 0.9975596020274076,
      "FPR": 0.0008611044764861909,
      "TP": 85024,
      "FP": 274,
      "TN": 317922,
      "FN": 142,
      "AUC-ROC": 0.9999628713178224,
      "AUC-PR": 0.9998572212472078,
      "Train Time (s)": 1326.3
    },
    "Soft Voting (SMOTEENN)": {
      "Accuracy": 0.9986835646392075,
      "Precision": 0.994889426843958,
      "Recall": 0.998896273160651,
      "F1-Score": 0.996888823787901,
      "FPR": 0.0013733673584834505,
      "TP": 85072,
      "FP": 437,
      "TN": 317759,
      "FN": 94,
      "AUC-ROC": 0.9999526723769374,
      "AUC-PR": 0.9998323522247281,
      "Train Time (s)": 353.44
    },
    "Stacking (XGB+LGBM only)": {
      "Accuracy": 0.9985125024171836,
      "Precision": 0.9939141201756845,
      "Recall": 0.9990723997839513,
      "F1-Score": 0.9964865846088983,
      "FPR": 0.00163735559215075,
      "TP": 85087,
      "FP": 521,
      "TN": 317675,
      "FN": 79,
      "AUC-ROC": 0.9999435715751832,
      "AUC-PR": 0.9997896512750566,
      "Train Time (s)": 79.01
    },
    "Proposed (Stacking + SMOTEENN)": {
      "Accuracy": 0.9987207520787779,
      "Precision": 0.9955624765829899,
      "Recall": 0.9983913768405233,
      "F1-Score": 0.9969749199760808,
      "FPR": 0.0011910897685703152,
      "TP": 85029,
      "FP": 379,
      "TN": 317817,
      "FN": 137,
      "AUC-ROC": 0.9999528086157112,
      "AUC-PR": 0.9998331077061553,
      "Train Time (s)": 2817.01
    }
  },
  "cross_validation": {
    "Accuracy": {
      "mean": 0.9984236376906115,
      "std": 0.0001312319354833498
    },
    "Precision": {
      "mean": 0.9934171874966469,
      "std": 0.000611077612802263
    },
    "Recall": {
      "mean": 0.9991455626513984,
      "std": 0.0001060293332468283
    },
    "F1-Score": {
      "mean": 0.9962730420949046,
      "std": 0.00030909181905289777
    },
    "FPR": {
      "mean": 0.0017692714223985447,
      "std": 0.00016540085676348943
    },
    "AUC-ROC": {
      "mean": 0.9999390199320557,
      "std": 4.252943230672313e-06
    },
    "AUC-PR": {
      "mean": 0.9997768545903462,
      "std": 9.568884405370297e-06
    }
  }
}