{
    "teacher": {
        "Accuracy": 0.962735595259604,
        "F1-Score": 0.8768947219981241,
        "Inference_ms_per_1k": 2.231523486531937,
        "Size_MB": 36.24307060241699
    },
    "student": {
        "Accuracy": 0.9607045075058918,
        "F1-Score": 0.8692872615839805,
        "Inference_ms_per_1k": 0.1569984017675295,
        "Size_MB": 0.024712562561035156
    },
    "speedup_factor": 14.213670084592302,
    "compression_factor": 1466.5848801759735
}