{
    "teacher": {
        "Accuracy": 0.9987207520787779,
        "F1-Score": 0.9969749199760808,
        "Inference_ms_per_1k": 2.2734725036263064,
        "Size_MB": 36.24307060241699
    },
    "student": {
        "Accuracy": 0.9965291723067616,
        "F1-Score": 0.9917668368187057,
        "Inference_ms_per_1k": 0.11701368743788075,
        "Size_MB": 0.024407386779785156
    },
    "speedup_factor": 19.429115972720957,
    "compression_factor": 1484.922205290509
}