{
    "teacher": {
        "Accuracy": 0.962735595259604,
        "F1-Score": 0.8768947219981241,
        "Inference_ms_per_1k": 21472.769374988275,
        "Size_MB": 36.24307060241699
    },
    "student": {
        "Accuracy": 0.9588262973250395,
        "F1-Score": 0.86190317640008,
        "Inference_ms_per_1k": 68.94658299279399,
        "Size_MB": 0.011116981506347656
    },
    "speedup_factor": 311.44066091328295,
    "compression_factor": 3260.15389894484
}